Name,Mass,Velocity_x,Velocity_y,Velocity_z,Position_x,Position_y,Position_z
1,5.33E+25,2582.631959,-4754.130835,-4778.764485,4259.209531,95202.76466,-74889.95705
2,5.19E+24,-1763.897809,-113.568096,2704.074178,-96610.46702,54031.64235,61431.10747
3,3.37E+25,1832.953766,-540.9729362,-2263.733337,-75958.55418,-46883.43341,-96489.52733
4,1.35E+25,4971.245002,-738.1869776,-486.1297567,-41338.27784,54628.37478,3592.105543
5,6.35E+24,-3363.761788,2948.095487,1936.822258,-30380.88137,-25652.14102,-99729.27486
6,9.90E+25,-2792.303872,-4176.189544,1804.993021,-40039.89449,29291.74833,94838.88876
7,3.22E+25,1545.112143,-2267.40473,4508.635623,69412.1654,-95281.00707,79712.12093
8,8.10E+25,-3489.421082,-676.6519896,4436.159202,56639.68266,56075.22471,-8400.848199
9,2.55E+25,-802.7268307,1385.259477,-1024.05602,-20398.94141,-39416.85423,-86861.02821
10,6.82E+25,-2257.847977,4839.77648,-906.6599368,-54352.9273,-50679.273,-3184.586058
11,7.60E+25,3940.992037,-2700.453941,-2868.95296,49488.88132,-5238.03432,-88431.11011
12,5.96E+25,-4688.659171,1516.668254,-1314.736563,91557.9602,88544.86382,57037.90863
13,4.72E+25,3643.582498,-267.9009331,4681.934279,98265.58031,8896.46656,92553.67005
14,4.12E+25,-3144.744843,3686.23168,2765.968528,-84878.99188,-26863.85035,-54923.7464
15,3.49E+25,2709.218446,3447.832281,2610.239909,-60833.38317,-71839.41022,24482.72831
16,9.30E+25,1262.203216,-3687.551223,-4674.738205,56264.37115,15659.67988,-70607.45808
17,8.31E+25,4208.478478,1166.503145,2965.37291,62224.75399,27190.94143,-22366.85877
18,9.65E+25,-184.7764849,-3826.91811,-3748.142078,34826.05911,-48019.00415,-30961.5583
19,1.24E+25,1855.652872,-696.941051,-2994.752733,83497.16863,-41899.09887,-6002.346368
20,7.31E+25,-84.05453259,-4357.910629,819.7140191,78028.22748,41544.27005,-87559.35477
21,9.38E+25,-2310.065956,2975.591006,-1896.380411,-70539.39114,-98431.68185,26184.35805
22,1.81E+25,-447.7985092,-4883.794601,-4275.531122,-10465.31492,-73145.02982,91586.82421
23,6.66E+24,-1075.064436,-200.6116528,1000.205481,5931.944789,-51621.34118,120.7142309
24,7.41E+25,-2083.374213,1949.818861,3601.223972,35924.06655,-84752.15641,-45059.23699
25,5.75E+25,2798.509889,-4603.811747,-194.9305274,61393.09818,-8067.025919,9315.428406
26,8.42E+25,-3950.698216,-2579.549841,4866.625933,-13436.79956,-91220.01147,-66850.04404
27,1.40E+25,-3575.044571,-11.11846549,1181.557343,-10891.67225,-58162.90692,-90004.19427
28,7.95E+25,2024.649705,596.4868349,-4902.291526,68729.93281,96238.50583,58628.5748
29,2.02E+25,-1735.386918,177.1164338,-4121.335009,70756.98434,-51604.57394,92125.3951
30,1.64E+25,-1493.730688,-4667.968912,-4214.215028,-60614.85911,90285.96207,98963.85879
31,1.64E+25,-1030.767238,-3672.84246,675.4084826,42344.56115,96228.74636,13907.95591
32,8.15E+25,1894.649691,3005.866991,-2998.497558,-48091.64336,-12600.82287,18712.18708
33,6.65E+25,-3325.174177,-3954.321597,1364.302495,-85383.68759,24468.65292,96235.56735
34,5.23E+25,2064.757265,-4684.138552,4362.122462,-61978.47004,58519.02326,81579.75876
35,3.59E+25,-4480.287163,412.963353,2090.605195,88740.31856,92027.12088,4291.927744
36,8.77E+25,3709.691237,2140.869321,3017.280831,95461.5816,51462.04143,-67665.71275
37,3.93E+25,-1605.498075,3148.251137,-4198.851536,-4619.978706,43666.23507,-50531.93684
38,8.17E+25,3948.166561,475.9237615,3172.9777,28123.03671,33320.09581,-67460.05124
39,4.39E+25,-476.8171548,1435.776952,264.0266094,13017.06249,54325.3822,-220.8670928
40,3.77E+25,2315.895218,-4183.70018,-4396.47916,-97579.37664,-98192.30618,-28594.13121
41,4.63E+25,-2528.96766,-3404.553199,3717.835666,85238.81369,-54264.64408,26872.73777
42,3.01E+25,-2807.860126,4758.652558,-1631.042082,-55584.82586,-35666.00207,69608.41792
43,7.48E+25,-3178.820843,2896.985071,1587.077755,45772.28845,-80920.14454,-14259.5958
44,5.03E+25,-18.04283547,553.6355094,2192.017783,-94166.04727,-3821.970679,32486.80234
45,2.32E+25,-2715.452587,4963.339161,4747.931621,-76299.47528,-42223.01222,-20432.6749
46,9.00E+25,1503.256863,-3004.575491,1802.282424,83906.20493,98651.00308,-91017.7402
47,3.84E+25,-4278.01591,-4693.474978,-2423.171115,52201.5847,-25655.18672,-21508.36275
48,5.44E+25,-373.7704326,3682.725054,2271.690698,50852.99467,83685.28643,90185.7189
49,9.06E+25,2427.065212,-745.0666555,-1540.650075,15424.51721,-28575.76814,57509.81717
50,6.24E+25,-1289.61237,4876.495637,-4598.908086,-49799.72335,12814.80577,-28284.3077
51,1.17E+25,3670.314961,786.7540857,-613.8458081,31326.21474,-51920.21742,-61681.41085
52,9.40E+25,2252.576604,-133.3105858,3734.232381,83647.81734,-79639.26341,1191.581547
53,6.28E+25,4007.01864,-782.7907313,-2231.722028,-55829.44341,-92214.00733,-92796.23634
54,3.35E+25,923.5032859,4123.633456,-2893.37811,-64955.64558,73354.0709,-43504.2512
55,1.39E+25,1229.665836,1315.602201,2331.130224,90091.83412,16324.4586,-12677.16205
56,7.94E+25,-3684.323149,2158.249647,4090.325207,16017.76693,3339.677045,51755.25075
57,6.20E+25,-3203.168911,-2624.566751,4713.95094,-43500.78681,-29389.92168,78818.86051
58,5.34E+25,-3190.230473,3543.850934,-77.22143552,89291.30263,78511.6455,-16110.40121
59,8.94E+25,-2527.689256,3707.499013,-546.94745,56073.1006,-4732.85334,-492.0295708
60,7.89E+25,148.1735393,-1407.666306,929.5085143,-59063.97819,18226.06065,-62772.82045
61,1.52E+25,-3364.761274,-1089.184633,4694.123223,-33687.06019,71006.04032,-58584.83816
62,3.12E+25,-2418.665673,1567.366645,-1748.099358,-85768.34297,-86198.48148,88156.9041
63,2.49E+25,2734.731257,-3691.263393,4698.210451,1384.087592,-18117.58564,62175.7162
64,7.44E+25,-462.1045862,-2639.495367,-4265.032527,67165.18558,-33561.79338,38723.61149
65,3.36E+24,-3302.420949,197.7394856,-1629.968236,54224.56317,30930.13737,-69680.98504
66,5.70E+25,3288.833659,-691.1247634,-2512.857274,75176.6167,7818.910547,-43505.51473
67,7.62E+25,1171.449866,2067.772169,-3329.580921,-14954.36291,-92485.78192,-74426.63976
68,8.77E+25,-3323.807837,-4633.285731,2364.020151,53109.3501,-99997.67305,-16686.8343
69,3.42E+25,1638.045276,-253.6912425,3441.70449,4502.036217,-89073.116,94615.63259
70,8.21E+25,3056.70153,853.543644,3682.712805,-54774.93375,-39160.25607,-39211.49755
71,1.11E+25,-2941.5879,-3880.803806,-2302.503885,-53916.66758,-99705.23558,45868.95882
72,8.46E+25,-4429.131439,311.69528,4366.056923,93369.09996,-55141.30334,32609.43836
73,1.28E+25,-4606.564593,-3778.90086,-478.0097172,48379.26539,69685.07582,-15474.1606
74,3.97E+25,4338.750175,-1838.43895,72.34808688,-39413.81887,-34940.9732,42524.26662
75,7.97E+25,-4584.271409,-3516.56799,4866.30123,63355.8933,-63677.20645,-25811.79837
76,1.50E+25,4651.186964,-4950.600191,4518.117854,80388.03935,61338.70394,96971.68055
77,2.29E+25,1391.199378,3679.182945,-452.6014437,50849.65194,-21360.95979,18127.5668
78,7.22E+25,155.9602858,-111.5341974,1668.642575,32202.85085,-84308.83674,8899.391821
79,7.20E+25,-3603.487452,-4700.264101,-1920.700584,41864.16569,-66535.7392,56126.34349
80,6.41E+25,2046.807627,-2981.465479,1734.324333,16754.5561,90444.35714,-91515.54036
81,6.94E+25,4699.120461,-4060.992842,1726.021182,-46934.77249,20310.77586,-40688.01756
82,5.43E+25,-562.497807,3681.422544,-3228.502106,42884.83281,51801.0565,-79496.80719
83,2.52E+25,1926.259522,3381.152896,4446.142195,2770.892841,1778.111118,-26143.84596
84,3.46E+25,1832.480283,-28.25235992,1178.472402,86584.97251,65501.26397,39441.87638
85,1.82E+25,3689.049845,706.0974664,-4696.129403,42865.32715,-7656.771237,84198.90422
86,9.08E+25,4309.486955,1895.26751,1765.133858,38919.08545,45796.21233,72338.18076
87,5.83E+25,-2843.248476,1588.854702,-1061.355943,-45185.68213,61414.18077,-60951.87941
88,4.01E+25,1512.32977,-3934.069697,1578.453046,-30931.60955,-32877.90915,95705.09368
89,4.62E+25,4994.137258,-4517.879611,4771.741842,71307.44475,40233.97232,45411.35232
90,9.47E+25,-930.9203928,3707.534503,2823.854841,12414.55888,89418.13342,-748.2494235
91,1.53E+25,670.1626099,2384.492093,3785.155613,-23896.45803,-67392.93261,57241.13045
92,5.86E+25,-958.5967835,-1729.668384,1675.933856,46888.78642,-23128.9923,-94961.31721
93,5.06E+25,3078.459419,2622.851348,2978.136489,67799.46554,-97716.40331,40739.95593
94,6.11E+25,-644.1668519,3178.342162,-3797.909446,94051.42195,-12467.73437,-53005.319
95,1.82E+24,444.8909796,-4942.413395,-1754.141701,40974.20201,63425.6284,9286.063216
96,8.72E+25,-1335.384651,-1038.273084,1954.672067,93407.05505,-89666.25567,959.1196609
97,9.32E+25,-1114.418987,-513.0637738,-2624.558691,43690.78946,72528.09423,-64148.87762
98,5.65E+25,-1267.482084,-2727.303727,-4268.040762,60000.69635,10541.41514,-20689.2636
99,6.97E+25,1034.485934,1682.127986,1194.90346,-73656.99428,73059.15178,-68545.35836
100,9.23E+25,-365.059562,-1202.142198,3633.336496,-38042.42816,-41990.89361,74282.80684
101,7.07E+25,190.8178514,-208.1812237,-4743.579342,34540.59884,59336.27944,-49906.42024
102,1.53E+25,-1587.521724,-1198.043812,-1011.772191,24974.81992,14349.19663,66566.07536
103,5.76E+25,801.7236923,336.0254673,1079.050928,81217.4121,-97568.6457,34803.98381
104,6.07E+25,2648.832615,3129.857387,2181.230762,-89632.84018,9771.733015,-42473.45419
105,4.24E+25,4555.23696,-4817.674173,-3042.220143,-38644.6801,-29408.29931,24258.48981
106,7.36E+25,-4924.37125,1474.747142,3980.305489,-33190.00687,46539.81012,-19094.52289
107,9.34E+25,-2565.177034,4270.345448,-4397.326097,-86329.35994,56751.9685,-42848.33508
108,9.26E+25,4344.360268,-1483.773128,-3985.791716,-13446.62408,37088.77664,-33508.76857
109,4.51E+25,-141.2824081,-2432.234323,-2151.27098,-88682.86877,-25215.7906,88889.71654
110,1.13E+25,-1927.100351,3030.258978,391.6127668,28346.87946,34295.82973,26456.43073
111,9.85E+25,-1886.923008,1103.337833,2161.506742,-60201.57221,-16333.22718,50187.95967
112,8.39E+25,-2273.759993,-864.5089847,-3781.139067,-79725.42049,-44429.44478,-44736.17831
113,1.25E+25,-3188.506505,1811.17854,-3185.616523,-13596.21448,96073.74819,-86499.49066
114,9.21E+25,251.6338367,2090.462617,-3931.230769,3740.198876,-64127.0636,94135.30908
115,8.70E+25,673.1221963,-2434.372163,4629.268752,-77339.29905,-19279.79953,47576.99697
116,5.19E+25,-164.5435328,3059.925498,502.2654216,40910.88561,-15454.27262,-30695.16641
117,5.91E+25,-4565.874671,1331.513756,4514.033422,-20477.52429,-47144.74737,-58933.41226
118,3.99E+25,1016.118201,3191.888594,3842.064633,-3392.060488,-46293.24879,-42507.66702
119,5.49E+24,-2719.202281,-2879.551601,1109.809889,31351.21269,93707.46634,20727.44011
120,3.35E+25,-889.7153019,3398.613029,4000.231234,-84604.10659,-84883.27723,90284.64417
121,8.03E+25,-1465.786207,-2631.29441,2805.255152,-40541.84194,-81586.60278,19808.91743
122,4.73E+23,-2251.939645,3226.143185,-762.6174635,24729.75566,29700.96402,-46519.59443
123,3.34E+25,1675.498993,-4044.646862,1238.593247,-96977.86316,93003.07389,-49821.39086
124,3.98E+25,-482.3232126,866.0846318,-3319.857923,35205.25761,41325.97398,22001.48342
125,5.37E+25,2368.737449,3627.970775,-2832.601999,-37418.52116,-45780.74925,19533.65654
126,9.20E+25,-4042.854445,-4763.61414,1419.715004,73219.12672,89346.74578,-78818.83912
127,3.46E+25,1070.940361,466.9741271,-2680.529039,-69034.27748,88947.25176,47307.04567
128,3.47E+25,-1090.940041,944.7633519,-32.33141141,76598.76497,-59473.47317,17517.17422
129,7.38E+25,4877.855202,-3635.602474,1951.44554,40227.91888,36022.37709,-18369.66183
130,4.52E+25,-956.812319,-718.0038507,2175.977657,-96921.02166,16585.21136,-49379.69216
131,2.25E+25,1924.361513,4912.559937,-3716.057105,-9949.150771,91516.20302,-20192.93647
132,4.52E+25,-3958.903506,2243.388171,783.8691701,67960.32133,-62291.87885,34492.09961
133,1.41E+25,-2258.393334,-4205.80631,-4143.417504,95401.39089,-79621.37983,-98336.01155
134,1.76E+25,3941.908747,-3081.326753,-1766.284379,-13283.44147,-81474.90339,49676.86994
135,4.98E+25,-2733.435978,-1450.036942,-4305.761573,82909.73277,-13195.80546,-48257.67157
136,4.19E+25,190.5979091,-4323.874364,3003.565078,-13119.3362,44689.56357,-98189.16768
137,9.15E+25,-2662.879181,400.119146,3800.790876,17890.7979,22658.33698,27537.64938
138,3.62E+25,1508.77369,329.5778655,-1756.662469,-51595.584,42810.54468,-81721.70273
139,5.81E+25,-1669.980869,1694.869552,4941.393612,-60145.93271,75494.00933,47744.63015
140,6.32E+25,1618.391898,577.8341737,2306.505102,-97250.8892,-50324.74793,-57118.7034
141,1.32E+24,-347.9438772,-4398.576574,622.9681588,-45838.73439,-50488.04594,-87494.74085
142,6.64E+25,4576.252845,-3246.970576,1900.048908,-8211.896681,46546.69496,21346.34494
143,1.78E+25,-2990.663113,358.2768447,-4033.235504,34574.33372,-83770.16429,90298.14204
144,9.61E+25,-496.2906374,2561.633289,-1524.284758,67698.36677,61018.0637,64596.76101
145,1.49E+25,1649.117245,2954.499608,4271.778195,86542.10163,8850.793223,-59943.59643
146,4.15E+25,-2653.579181,-1006.840842,-3475.839867,23356.72157,48576.29873,47583.47867
147,8.54E+24,4924.835022,4270.009679,399.5713028,4289.804833,-86308.25613,-25777.41231
148,9.97E+25,3420.332944,209.5797727,1235.85688,84153.32169,16889.78195,7666.388651
149,5.02E+25,-4108.755679,2552.704205,-3722.865164,-46229.29712,-26310.21602,79069.21783
150,5.95E+25,3260.676303,2820.280877,2087.446977,33292.60951,57477.40535,-9130.915386
151,6.72E+24,-4638.396195,-1968.716441,-2368.874301,26049.44389,-50323.27825,41092.16606
152,7.50E+25,-1398.635925,-4123.572532,4369.57823,-14479.73326,-11490.89704,29864.46492
153,2.10E+25,538.0224071,-1944.756893,-1030.184829,87256.12429,-87198.73068,64948.64747
154,8.98E+25,-527.974595,1005.943334,156.794277,-41523.37792,-11216.1091,-95617.33424
155,2.05E+25,4193.919732,-30.36517094,4921.580148,-39790.78443,526.248526,-88764.78453
156,1.91E+25,3514.249577,-2914.894856,4305.952146,-1780.854123,85422.12577,-78921.35638
157,3.66E+24,-3836.336021,3174.497085,-1193.767065,52888.14562,-18065.78932,31034.7429
158,4.72E+25,3779.743204,3680.566901,3059.254001,-47952.6804,-68101.54749,-67907.47715
159,5.65E+25,2900.304363,-1953.208609,-4190.807169,-85901.61087,-62870.65902,32843.877
160,6.58E+24,-970.1982123,-3264.75485,1949.510889,76338.12237,62825.13712,37026.86197
161,7.76E+25,-1539.002735,4756.102009,1409.720773,-77913.62732,-42162.51074,-38038.62494
162,4.53E+25,3224.805636,-3674.753273,3620.144823,-50008.61072,3001.131942,7110.762976
163,5.24E+25,4227.571905,-129.3808118,1062.529378,-28622.80497,-29242.16825,65711.11958
164,4.41E+25,2648.098009,-3251.613727,25.66076463,57858.56966,-38440.83366,82757.68877
165,4.01E+25,-1013.369722,-3536.260078,-1324.655777,90563.0034,-34651.49159,-29115.01024
166,5.60E+25,-4318.276906,-4741.880931,-3648.337108,1126.830684,88224.16251,75263.88663
167,1.55E+25,4631.151116,495.295359,4658.221612,-79486.40748,-21453.85135,10674.23795
168,1.82E+25,-675.0212167,-1881.838669,61.4186284,626.4945103,-61227.38641,71763.35423
169,8.62E+25,-604.8831137,-3943.353157,1408.263147,35388.1566,67581.67497,71752.85587
170,9.46E+25,-2839.618175,1195.879549,1502.010924,49671.17073,-12157.87975,22109.351
171,3.73E+25,-3479.751469,-4386.503729,2807.615861,-67926.91878,34729.08349,-64149.34885
172,2.71E+25,-401.9957623,-4418.362045,4948.663172,38789.9181,-54080.36785,-76489.73997
173,6.44E+25,-4422.19439,1950.352289,4836.789253,-66943.10197,-99601.57296,43747.92357
174,4.09E+25,-2608.198958,-3577.506313,-3786.150606,46480.20981,2986.669983,-67727.43979
175,2.55E+24,-1967.248524,-3989.54189,1921.613417,-83289.1325,-96174.20671,-66850.36461
176,1.56E+25,-4377.082019,94.2212815,4966.968539,78171.107,-51692.63166,-29145.73456
177,7.16E+25,3139.702695,1152.194382,-1937.463792,-78930.9031,-55527.73905,3844.914156
178,6.59E+25,1238.958363,270.4146391,-739.1661611,21550.53662,-50929.53717,-88453.56815
179,2.72E+24,-3692.896233,3866.042152,-502.1535118,-21793.42617,-53159.32581,-56089.21535
180,2.22E+25,-3053.774882,-1322.406491,-858.7024747,91972.56054,23260.09719,11375.68863
181,2.31E+25,3275.378956,2336.143806,2693.048936,-16844.9793,-14211.13331,8181.000768
182,6.72E+25,-4889.687356,-838.4600182,-186.5584836,39285.96141,40429.21924,-65661.21846
183,1.98E+24,-4808.077232,-2401.867913,2602.898231,22.55041533,-17608.38099,74105.39325
184,1.04E+25,-3628.902943,353.1013145,-2847.98128,26283.78424,6500.813283,-76921.07156
185,8.00E+25,-4878.792254,-2587.985424,4758.737549,21127.57786,-76559.21886,-32558.68489
186,1.79E+25,3015.371119,4595.766443,-121.4595607,-71431.60704,38414.7294,-58749.57723
187,6.53E+25,-3902.638013,479.5948897,-456.2266544,-21628.12536,79134.95552,-59136.72332
188,2.38E+25,3443.570827,-4019.174192,-117.5886298,1561.012792,-16145.66777,-96375.19179
189,9.95E+24,-3499.513353,-1753.240731,2373.570774,58551.62271,-86190.81874,-5148.995805
190,2.43E+25,-239.8187063,-1241.117149,-1055.237214,12135.65899,25685.29132,37726.32586
191,7.22E+25,-405.5323159,2850.165438,3920.846889,-49345.5233,-98004.24467,44688.73247
192,8.56E+25,4553.346865,2869.033863,-1845.931043,7131.31987,67223.54064,64277.67258
193,8.30E+25,1881.347061,-623.9687594,-2453.29378,68665.23356,-2981.068004,-33274.32083
194,3.97E+25,3408.715794,-4615.73651,4017.619921,58311.64052,-9741.177394,-63311.56072
195,6.68E+25,-385.2253538,1372.014768,1593.539222,70994.80391,76511.97535,-6738.048772
196,2.05E+25,3951.177407,1366.696822,1139.335848,-84860.05454,-22434.78202,60707.53189
197,2.93E+25,-4333.479594,184.0802195,-3498.309992,80354.80571,-59305.4515,-86605.27759
198,8.96E+25,2374.337687,122.2192081,1802.277792,75470.09063,-22119.0122,8352.192854
199,1.31E+24,-4583.270994,-4152.07984,2163.233881,93613.16241,-86687.05442,29663.60149
200,8.56E+24,-4279.15664,-4287.432722,-4878.915248,-85178.91549,-24906.21431,60762.90904
201,2.08E+25,4565.013983,2375.083595,-1467.485915,-13305.55345,99436.47078,11811.85699
202,2.66E+24,-2034.644187,-1502.967703,2746.535312,-35767.56947,-55977.73482,-29895.89314
203,1.82E+25,1613.706111,-3148.044321,-3258.906647,-25493.34525,-86257.26446,-26085.16011
204,5.83E+25,-4016.043503,1603.027197,2643.726622,-7152.296052,44547.55045,31345.89694
205,4.21E+25,-2349.535717,-4790.55039,-4178.283325,41753.13105,-98327.26362,-56466.52008
206,8.93E+25,4678.600348,-2045.552225,2692.231478,32336.85768,-3202.126364,-98937.30487
207,8.17E+25,1246.635689,-1180.603603,-2943.127378,60898.92849,54561.91466,9683.832599
208,3.42E+25,-3786.135818,1150.12968,2746.337806,-86707.33484,53303.00991,16742.71755
209,2.59E+25,1439.042535,303.0213325,-4580.487766,56391.99543,50349.39848,60600.41439
210,3.80E+25,4684.887776,2987.141917,-2071.779633,3601.613281,-71935.09636,34231.49468
211,5.90E+25,4799.703294,1018.815896,824.2265821,24094.75701,48450.63744,-66023.79879
212,2.68E+25,2480.731794,3117.697881,1564.786073,-61004.96002,78081.90344,49995.55969
213,6.24E+25,-3719.042536,-1617.32494,4280.836403,81645.69774,51743.06423,19431.0612
214,4.09E+25,-2753.843882,-1278.329762,-679.2311706,30826.54741,77825.58479,15761.3509
215,5.52E+25,-605.9501031,1129.395825,4430.758377,26478.26487,-68704.6568,-5215.755977
216,4.36E+25,-2593.072882,-3784.986237,-3025.295101,43279.42239,-45811.46034,-59549.1639
217,2.95E+25,3869.249002,1458.108127,-2140.932108,-37234.63836,-51699.8744,-57017.47259
218,9.48E+25,3159.46939,3613.699964,3465.143387,-15029.83143,81567.70278,1411.929348
219,7.64E+25,4189.265336,-2477.589798,2550.419287,-62415.92384,-84605.66612,39231.22903
220,1.40E+25,-394.6050273,3419.985529,2284.906772,-23440.24711,64366.18932,31902.15373
221,8.68E+25,2764.474465,1561.618377,-3225.712305,59248.29011,-45610.79212,38471.78449
222,4.87E+25,450.269189,4846.697395,4373.880665,-47187.60306,87813.69589,27274.85631
223,8.95E+25,-4568.262642,-3351.851843,-3682.712265,-35097.63996,-46097.62754,-61814.68299
224,8.00E+25,2259.7991,3177.853299,-2864.886337,38928.19178,-56256.8774,19060.65319
225,4.25E+25,58.52692952,3407.03028,2328.015448,-47072.99461,32393.78896,62987.94571
226,2.26E+24,422.3720549,903.4769046,83.60546916,55605.04863,52170.26619,-62455.51886
227,2.69E+25,-2024.515487,650.2199286,1888.853021,-82323.0106,39789.7657,-26330.55724
228,5.42E+25,3733.229159,1362.91354,2611.21537,-13530.75472,-93770.18144,-48084.71014
229,6.34E+25,-3399.28365,-384.4252558,-4906.683802,-93264.71923,75837.15452,-51320.66336
230,2.58E+25,-2533.211355,2264.617151,4918.099513,11467.43391,-92204.13587,33369.47826
231,1.39E+25,-4008.219004,-985.0568414,3000.709687,-35394.53085,79583.83739,77623.63779
232,8.35E+25,-2959.643654,550.849493,2330.71296,-34941.87633,80192.17914,99231.5347
233,9.84E+25,1159.854503,-3119.752654,-1446.154313,65083.13282,68974.26955,-50198.25278
234,5.26E+25,2837.917845,542.2651413,-4947.703865,15340.47977,-86548.81721,-81016.41264
235,1.72E+25,2609.9076,-4646.886451,2457.337827,99778.52241,-34672.15011,49636.78241
236,2.72E+25,-2975.194398,4580.734801,-1320.592487,61333.01061,71604.6542,99525.65948
237,1.85E+24,-1730.683837,-3511.119497,-1943.957845,-51700.70295,-91929.83463,-17761.6964
238,9.14E+25,3766.507618,4963.343376,-1316.904695,-73983.86603,-95514.82217,-27914.63457
239,1.18E+25,-513.8936905,2220.709382,3861.957805,56747.65022,13236.13825,-37444.40216
240,5.77E+25,930.4433419,-1084.743018,-873.7815915,30868.4011,-53596.36394,-97123.71079
241,2.74E+25,1956.181465,-4967.817364,1195.893375,52870.67729,24748.61697,52460.5249
242,5.54E+25,-1445.069896,2941.973313,-4070.093602,-92212.39666,67423.92557,23905.24001
243,6.51E+25,882.0226695,-190.2711011,1423.255259,12679.07014,24922.80962,72886.64937
244,8.30E+25,-4351.464055,799.8378743,614.8458796,17387.30131,16190.07598,98135.83141
245,2.07E+25,606.6009442,1034.876666,1764.679372,51346.03341,-11541.23891,41479.40001
246,1.11E+24,3049.889997,-2301.792799,3250.494102,-22153.90566,-54224.9075,19370.37538
247,1.37E+25,-17.44317737,-4229.417209,-4414.490708,85636.41962,85827.904,-31618.94438
248,9.00E+25,-1657.616813,2848.969771,2076.809347,5535.493244,-57672.82029,99126.2219
249,8.74E+25,2886.149647,172.6905644,-598.0100204,96223.58157,29901.78594,60882.81194
250,5.97E+25,-3525.474733,-1718.072464,-659.8063383,43020.03226,18631.64381,-89330.4006
251,6.01E+25,-4113.995703,-2793.880473,982.2529406,-9047.131489,34957.26043,35506.32278
252,6.65E+25,2356.631142,4983.475114,4331.133313,-25375.47632,88338.39733,-66528.59355
253,1.75E+25,1425.651995,-787.5194671,1361.773647,71.88924311,38176.79531,39427.16118
254,9.14E+25,2856.516181,-3816.638091,-900.951103,29727.79135,-44942.35731,-68758.68626
255,4.19E+25,3398.022856,-1161.670481,718.7227123,27188.06537,19860.42323,-64128.79794
256,3.83E+25,877.6936086,-3155.237469,-1377.645583,41027.82911,-8965.601653,33552.11832
257,5.19E+25,-1654.887113,-4738.032915,-4758.082361,67473.41595,-66054.31428,-96171.0264
258,4.71E+24,3316.970437,-2269.2919,180.7876624,55820.51728,21939.48503,39927.91392
259,1.66E+25,-2012.744264,4406.792451,-2407.032411,67630.995,60562.18696,92184.02939
260,7.38E+25,-703.4318726,3727.302505,3419.335668,7187.01577,-2300.873468,-19622.56002
261,8.29E+24,-3138.985822,3026.433098,-418.1311326,-69261.79143,14521.44658,-44597.49513
262,6.03E+25,-170.3112791,-3665.200276,-4193.984862,84261.50244,16638.16086,18568.0361
263,2.45E+25,2279.39307,-35.38847645,-631.4929738,-29015.06782,-89602.1296,-93651.24693
264,3.89E+25,2295.082287,2655.12899,-3410.918323,-15332.97117,-83086.92438,21369.39111
265,2.89E+25,1102.251495,-3646.459177,2513.75086,76194.60113,76582.9633,31809.08203
266,3.56E+25,1569.551563,4566.146211,-4310.419836,-57753.63371,72599.36627,77218.68706
267,7.19E+25,-4429.452788,-2178.129253,-2382.943163,-60669.28301,47485.21715,-42696.09021
268,2.97E+25,-2530.212009,4062.545805,-2504.538002,60528.06247,99447.57998,-93994.79893
269,5.66E+25,-2280.502739,2593.982624,-502.6015755,79473.17316,24526.10672,94676.52383
270,4.76E+25,2767.10557,-4346.338424,-124.2880633,-6998.096495,69477.58611,-87521.18628
271,6.64E+25,-4663.863998,-4373.467965,4064.374533,-32944.18998,-86596.69245,95068.6267
272,9.37E+25,-3607.546289,324.2068228,-889.043974,63394.78145,70509.48425,87593.04629
273,7.33E+25,-1526.566737,3998.333457,-4781.766032,-82979.30278,-22880.4815,-85793.02219
274,2.15E+25,1637.896862,4633.944342,601.6818346,-57841.37969,-54126.84459,-6178.55779
275,3.13E+24,4368.22462,-4477.421207,-812.0668093,-46287.56651,-79804.37864,-66501.78218
276,2.62E+25,-2398.42209,2308.20965,4812.970905,-70544.88729,94615.35958,51858.50138
277,5.95E+25,-2434.699376,1541.746015,-3019.023672,93552.29305,-12051.9027,-44326.30367
278,5.15E+24,653.3025457,-360.6751331,4720.053296,59658.63944,-34749.21639,-40123.32526
279,4.96E+25,1085.272727,-1504.936279,-3859.042151,-53498.80156,-74064.20436,-48707.3878
280,5.97E+25,-3487.531713,-2746.8307,-2490.333387,-28936.05031,34798.84163,-87487.03156
281,3.34E+25,3506.160578,612.2278828,233.9091137,-57898.61207,61804.72806,-70615.61528
282,7.71E+25,-3852.311281,3601.396933,2228.143032,-31470.9707,72931.78437,-69014.93777
283,1.07E+25,-4323.316381,2078.350972,435.3821734,-83452.63288,-3092.400984,-39516.09774
284,7.52E+24,-4182.746543,-416.9935847,-153.0371287,12681.6729,60760.9781,-72570.30237
285,7.28E+25,-3342.254598,4456.98147,3499.753715,16139.81691,1101.752078,-71184.2428
286,4.96E+25,1690.223373,-377.04439,-882.3445842,24799.69711,-45271.91643,-2433.136291
287,6.88E+25,1509.734672,454.3186941,-4377.268941,-83545.53514,-8083.188557,-38707.30639
288,4.35E+25,125.0264877,3064.036172,-407.601224,64476.24224,-88604.2546,-16278.54502
289,2.46E+25,-4480.434224,2862.781994,-2986.362179,-8313.715174,45001.21526,14857.51502
290,8.19E+25,-2413.791651,-3352.936466,-1697.849351,33442.46744,55409.85713,72440.59473
291,7.99E+25,2567.515057,193.858595,-2951.187258,-37224.90066,7604.541073,68021.61569
292,6.95E+25,3778.300782,3795.81855,3705.78425,97890.22619,77903.86221,-25706.54748
293,2.72E+25,-2612.037886,-487.6065582,4849.896561,-60966.69656,-2121.492519,48328.29037
294,5.90E+25,2720.124763,-4728.325788,-4347.954087,-1486.185849,-3363.827337,67646.08422
295,3.61E+25,-360.6862319,4092.202059,387.0179795,-27719.24419,71958.93496,-18639.03981
296,9.17E+24,-21.87491966,-3945.263,1567.801047,-34353.37886,-9202.01776,52489.39173
297,9.17E+25,3221.031606,-1195.799925,2756.118509,-74799.59443,-60716.15683,90288.96513
298,1.37E+25,4644.766539,-2962.335409,233.2963119,-64901.67452,13545.46359,15862.89333
299,9.50E+25,-2128.620419,2928.54419,775.9336588,-2075.10759,28949.04972,-54034.65484
300,4.46E+25,1345.824176,2979.141596,-1040.295273,10532.45356,-25565.34895,32333.45193
301,1.85E+25,4150.900684,330.2886725,-3420.451772,-71755.29133,14175.48337,-62945.92892
302,5.42E+25,1958.991182,2932.613504,-1832.383229,-44271.38738,-56258.03994,-63432.44403
303,8.73E+25,3571.79257,4061.432548,-2230.955126,65142.19031,-42858.48647,85424.75637
304,7.32E+25,4835.214727,-3592.88472,-2979.843316,93985.30507,14252.09399,-71399.77547
305,8.07E+25,-3157.751608,3939.8971,1542.925523,-25090.35132,59546.45267,-26521.85426
306,6.59E+25,-3478.957168,-596.7658163,1152.980251,-82596.55634,11356.98219,69024.1703
307,6.92E+25,-4165.35915,3824.163684,3036.035354,59185.27743,-64975.37197,34552.92288
308,8.49E+25,52.06773577,4671.266153,-822.3902072,-55899.14731,-56358.49309,74814.35466
309,2.50E+25,4841.10319,1679.199988,1346.712733,-50066.20945,-47350.5307,-99869.32185
310,4.89E+25,-3340.451047,3819.277583,-725.1031208,74133.80683,58518.96264,25465.78702
311,2.21E+25,-3377.665942,-4873.9248,597.5568364,50053.15279,-69590.28652,-8335.281082
312,9.88E+25,273.9962212,2193.536224,3902.58053,-29756.12253,-81244.69475,-2773.902957
313,9.44E+25,-4205.934154,2314.964903,-3125.880559,84147.93007,-91988.17619,-41707.8173
314,3.95E+24,3581.770532,3190.635139,407.9375499,-58491.81276,-52370.66927,81686.91038
315,7.06E+25,2102.427986,-1856.498868,-288.3210107,-6386.189153,-6740.117412,52115.12849
316,9.25E+25,3216.368977,-407.3480283,-1422.017347,-69101.5592,-2546.92918,-14002.95718
317,1.81E+25,-57.8755275,3282.492524,-1647.919526,19382.13811,99911.54065,53889.77882
318,5.68E+25,-3262.384069,2120.140203,3259.782127,-20426.8594,65510.61045,-65858.32734
319,9.15E+25,-3993.625215,-2601.258872,-3580.280102,-93907.26274,-59110.32551,-31917.68878
320,3.40E+24,-1520.585884,-496.4902109,2488.26337,2116.151492,23025.82811,82121.14344
321,6.97E+25,1511.475849,1209.285675,-1476.250534,1970.80191,255.1289251,-89951.39804
322,2.97E+25,3414.475531,-287.128326,4791.04938,-93017.68947,10231.99238,-12364.27735
323,9.24E+25,1341.421383,-3737.352584,1761.775621,67836.079,-67864.08306,-95005.66758
324,9.71E+25,-1748.959846,1863.271967,-4303.588518,-10192.24641,-52504.28865,-90077.12533
325,9.44E+25,-3251.185628,3557.372589,-2728.20443,44919.65737,-77681.40001,21663.9
326,4.74E+25,3370.411252,-2207.239115,1428.819101,-43790.04997,-65300.78993,-24049.69542
327,8.62E+25,1941.505735,126.5475315,-1946.893233,60289.15524,-21581.28462,50153.92984
328,8.45E+25,-2873.556236,-4668.106454,-1960.535988,-74902.74064,54554.28393,-52613.33502
329,3.19E+25,1531.627905,4383.048184,3712.044823,35478.62598,13156.31097,85828.94344
330,8.29E+25,2660.647765,2884.473433,1649.849035,-22535.4964,-86766.96223,-96168.90289
331,3.71E+24,-2397.131424,4071.950307,1707.323119,65371.71219,4947.127532,55048.81037
332,5.96E+25,604.4063098,-3890.105308,-529.4445619,-53114.88,-30983.2509,-93979.22556
333,2.30E+25,-396.417288,3645.636095,466.4822019,92298.46491,33573.58134,86641.01755
334,1.21E+25,-1195.99451,4768.003285,-3892.794067,-46900.71851,22292.72225,35699.99366
335,7.70E+24,-774.5157169,-4579.753248,2399.041208,-36490.05995,69621.847,89432.29258
336,6.96E+25,4180.765522,-2199.626704,3583.416768,76971.02354,47813.39519,-44507.06406
337,3.40E+25,-2077.817695,4107.701616,2539.619036,-43676.79158,92672.06409,-97943.10081
338,7.25E+25,3049.067768,-4819.934444,4628.103571,43209.99465,41249.23251,24537.90819
339,6.54E+24,2266.709921,-1952.489046,3293.946649,98021.76922,-37624.11285,-32005.62724
340,3.15E+25,-2184.788016,3727.538396,-3874.196096,-84212.11941,-11440.37269,-47790.29475
341,5.40E+25,2036.859775,406.9847664,-4034.655298,-31322.65956,66914.35805,87096.90271
342,7.91E+25,-2581.061717,-4875.959637,-312.3203454,-62853.3856,-25498.21369,85726.11242
343,3.19E+25,-1987.347392,983.574843,-2027.621923,-87638.30786,-81527.89438,-67441.80216
344,6.26E+25,-2000.808885,2431.931987,-4518.57164,19042.56683,-69905.5458,93615.27629
345,8.86E+25,4028.949952,3522.638744,1678.046832,-10657.09455,303.59207,-50668.27684
346,6.16E+25,932.2157011,3923.024981,-3146.698205,-5807.949513,32382.72653,50235.42739
347,2.33E+25,-4210.308378,-2604.898301,2945.782787,50773.61654,15578.22254,80871.955
348,2.45E+24,-4653.297333,828.0683508,4954.375162,63481.56946,51409.62294,-88878.89566
349,8.70E+25,3556.960938,214.4568904,-4363.590907,-98624.40756,-57510.54456,32704.71878
350,2.14E+24,3313.735144,989.7850818,-3850.670029,-17760.50222,-19518.74814,76917.37765
351,8.75E+25,-4061.427152,4096.268194,1692.002629,79112.56963,81835.05281,-37224.3847
352,5.29E+25,3292.867993,3789.789003,717.7235205,38211.16255,-45673.36375,-61878.03339
353,9.39E+25,174.4635176,-695.7258968,-1830.534122,-63073.50853,-31578.47583,-14008.47604
354,7.99E+25,-654.0403914,2738.796557,1019.23431,66189.83421,-76021.78131,46985.16948
355,9.98E+25,3925.2329,-566.1998562,1070.895787,6290.982838,-42410.93146,-1436.083093
356,3.51E+25,1313.075531,916.9716231,2026.337731,-40011.58604,19216.39105,-13231.21543
357,7.67E+25,-2625.665316,123.6377755,-3957.751972,-67118.89418,-76683.38509,9339.136414
358,4.02E+25,-1154.886724,-123.3293138,1522.242595,80482.60666,-31208.46269,46600.02144
359,4.80E+25,4505.310526,1006.510665,2435.939162,31732.27099,86310.98286,64196.20346
360,6.28E+25,62.66059495,1341.040314,-4290.677839,13321.05178,31406.09965,79677.29332
361,8.74E+25,-2456.084192,-1381.469068,-275.0664499,-20096.24308,-34641.05883,-97837.78327
362,9.84E+25,-4543.512545,-3599.759024,-2231.856922,65310.21484,60196.14008,-79109.09638
363,7.68E+25,4715.326909,-1686.529929,-179.5894189,15371.47623,-7203.660367,-76258.1809
364,4.18E+25,-3039.022873,1107.800711,-2193.167845,96113.64541,-57060.82251,-86553.16398
365,4.21E+25,-2930.074216,165.7262845,-4944.942008,18969.4759,47773.33543,-93511.31079
366,7.38E+25,-4923.359674,-2809.311909,-4632.786375,31743.52775,6458.37519,-79346.99822
367,2.39E+25,-3919.742459,-1611.393507,3025.856796,-65495.22461,13594.85946,-40728.4773
368,1.11E+25,720.4864337,126.6772596,-2065.111768,87663.14573,63748.0459,96713.4413
369,3.55E+25,4317.537194,-1029.849588,-4129.072332,-48065.83221,93944.72656,-13753.22604
370,2.87E+25,1170.665161,-3861.616065,-1547.768572,-30496.24094,-89930.09461,-89446.94843
371,2.96E+25,74.11938718,3742.225247,-64.5341966,38402.25119,-8414.201113,-54695.67479
372,2.34E+25,2022.58766,4928.16839,-3685.108801,22794.06127,-49428.37635,15526.35087
373,4.22E+24,-2252.684745,-1054.239244,-781.7182146,-28158.2506,64710.44532,64139.23215
374,1.80E+24,-889.7892473,4076.110026,2140.326445,-4529.920376,-29836.17813,-27488.04069
375,9.88E+25,1079.052141,-1906.272821,3237.903842,61142.90513,-34364.10344,-58188.12526
376,4.28E+25,4550.605115,3211.982826,-4984.348948,-83062.33162,-6661.375823,-3573.580216
377,3.84E+25,1364.013702,-4488.646186,-2423.927797,68181.74208,-55752.26071,-23801.74527
378,6.80E+25,-4404.752997,1037.954529,1865.899135,61681.14778,64724.72215,-23077.7848
379,2.18E+25,-3855.123619,-1161.61117,-437.6349104,-8175.195343,-39342.82183,86510.97568
380,9.50E+25,-1309.469782,-3789.749995,-810.5220981,-76271.24685,86749.8846,36773.29037
381,7.86E+25,2511.780478,-4289.923355,-4198.199859,6314.430537,-93468.18784,-4880.761636
382,8.95E+24,-1452.287082,4417.257116,1685.726467,-18450.379,-67756.2376,31281.9207
383,4.18E+25,1786.699567,-1380.800092,936.6079121,94230.18147,12437.76221,42950.65529
384,8.79E+25,-4898.68816,1360.960464,4132.869476,-86309.90949,-16466.60084,-76728.30297
385,9.45E+25,1125.734683,3736.985935,2239.730555,22559.16711,87696.43164,32355.54649
386,4.67E+25,-3794.415836,4024.533073,-4335.561556,-84639.39034,-29066.759,10132.67589
387,6.13E+25,339.6747255,-3578.628762,-4882.933893,-19358.44877,66728.8021,62934.20094
388,1.67E+25,-779.6573987,-2049.592923,-139.995062,22366.20402,-25308.41097,-48932.72525
389,9.91E+25,771.9988673,-4562.609277,-3769.967049,-78825.13636,-29020.4633,-17365.49656
390,2.32E+25,586.4239645,-1568.326468,2291.734875,35164.58502,31631.96486,-85978.37207
391,9.43E+25,1522.916486,3456.04363,1924.928267,-20948.13691,-63644.22656,-68637.45894
392,6.50E+25,-700.6892261,1729.666224,-2246.188257,65460.42995,-91616.95666,-16163.42482
393,6.08E+25,-1936.865012,2889.851599,-535.804836,-66359.26885,75866.04314,11408.10266
394,5.13E+25,2983.803405,3224.223737,3575.623377,-53723.87272,485.4574333,46297.27194
395,2.31E+25,4166.352358,-690.1477949,-1811.331817,91623.60178,-55910.79915,77236.35443
396,1.77E+25,821.9874659,-1288.275766,1010.741668,86860.82283,83284.10891,27082.87137
397,2.21E+25,2055.858626,1884.050185,-1254.47113,25964.13089,-19357.87336,50479.57646
398,1.87E+25,-3331.397983,-694.7066154,-3574.058559,6258.80367,35487.61425,-14308.41923
399,7.80E+25,3900.970352,-1541.225393,-3455.402528,46299.29281,64894.30352,-70712.74868
400,3.50E+25,-4745.522401,1458.223863,1369.023175,66585.94311,8059.306358,68933.18182
401,5.79E+24,-1593.958334,-4282.881112,-903.711051,-13739.65873,-24191.90292,83012.1465
402,9.69E+25,-1887.825049,1771.206397,1057.792495,-49766.14649,68842.46506,-3195.885498
403,8.84E+25,-1354.062718,-2821.074457,4880.359662,2819.08851,-38306.3437,14608.44012
404,9.28E+25,-459.983788,1882.742358,-3594.470324,-34957.76074,-92146.11715,-45600.27893
405,9.95E+25,-144.1030034,-4724.632801,54.5511791,-98724.19132,95670.95741,93149.44196
406,1.74E+25,4640.174071,-1157.93287,-4610.039874,-20968.94051,45674.17087,-30838.78032
407,3.96E+25,-4690.442091,-1120.132401,-3399.750635,34218.63142,61086.00861,89351.24894
408,7.58E+25,-4766.479037,2562.13614,-414.7699112,-19957.54483,56659.59659,-46814.30987
409,6.96E+25,-2107.55228,4000.83183,-3838.610398,98066.46076,-94846.08025,20705.7613
410,1.54E+25,4559.18829,-1860.332826,3884.036723,31901.19633,37609.11141,-75922.48424
411,8.16E+25,1029.428765,3267.073597,4840.131632,87705.95669,-63763.34419,24550.68065
412,2.25E+25,-2115.945622,4611.354854,-1105.181051,-55464.78418,-38556.7166,9291.708346
413,2.24E+25,-1144.880953,-1596.128957,414.0760735,-16561.31629,-67954.8798,-65812.71952
414,5.37E+25,-3458.549568,537.1148536,417.0481241,-16371.04237,51456.59566,79592.92937
415,5.93E+25,2619.018126,3336.499619,-595.5864969,-83174.46755,-21379.21849,-79950.88726
416,5.80E+25,-1976.667506,-2406.651027,-3053.761633,-96681.50387,32343.73653,20489.88839
417,9.16E+24,-4423.524178,-1575.520212,-2297.523079,-67396.17724,-53237.43338,-95258.44927
418,8.77E+25,4664.173859,577.0882625,-1527.22961,66989.44114,94938.11921,-72908.09264
419,2.66E+25,804.6760099,-3608.032987,-559.562508,-53704.95725,73681.90479,85292.75959
420,1.30E+25,1262.343214,-111.0216821,-982.2119935,-16074.52344,-89875.50555,-92121.63326
421,8.89E+25,4938.483889,3803.147621,1234.059582,14789.97321,-21420.97822,-94269.51448
422,9.56E+25,693.7736118,1206.604798,-2986.878922,16650.47846,-97739.49268,57474.39163
423,8.62E+25,-1048.622567,-4605.404671,-244.5396251,-38713.43546,-91948.3994,17670.4442
424,8.10E+25,430.2458396,-2722.502639,4640.288472,-20463.11711,94760.08267,8839.732501
425,6.55E+25,4094.546109,2221.432355,333.8662877,-44952.16379,41887.77293,-45701.59949
426,5.51E+25,3699.691596,-3693.476562,2905.097943,80848.65828,-25055.6059,9973.712555
427,8.71E+24,-3751.79186,2942.106625,-2242.324317,-89885.37924,-14775.75241,66472.70793
428,4.09E+25,3770.90581,4440.420938,-3512.040306,61129.76107,-55136.28823,-54784.1858
429,3.73E+25,-373.2439493,4809.873782,-165.9256403,63461.06244,86079.68403,-80927.81575
430,2.60E+25,3635.475225,887.3152213,-1246.700921,-9988.272115,-32509.14421,74137.69109
431,7.23E+25,-2142.164445,-2967.769089,2617.981914,-83295.01706,-57774.81149,50493.66752
432,4.96E+25,-1134.594932,112.754622,-76.74519999,-89741.2302,-1492.923857,-11578.59306
433,8.11E+24,772.7902923,3655.771456,4807.393436,-33119.7642,-21085.53694,5988.117386
434,2.20E+25,-924.1579143,3275.189221,2645.277947,-67726.52832,14399.17566,61086.46586
435,6.83E+25,735.2895146,4560.471436,-2995.254845,52032.18596,-69220.01906,-70150.10605
436,7.62E+24,-3907.357897,3539.61967,-608.5018337,-46365.12645,-27785.05473,-18308.88372
437,8.51E+25,3469.688542,3930.902052,-4375.424064,35939.44337,-88663.91357,-93065.45915
438,4.95E+25,3834.64763,-516.8094463,104.32489,-21617.88741,39432.73843,-61312.93141
439,4.81E+25,1265.925111,4263.826067,-4808.839056,28300.89625,-48034.37241,77217.22176
440,5.92E+25,-231.5653168,1877.220424,2227.069577,79137.98885,-40542.55914,-54001.24921
441,8.25E+25,1925.324315,-3655.648706,-2006.044116,-17739.20559,-51893.68296,34476.76866
442,3.48E+25,-1412.844746,3044.372077,-2212.401276,65212.93691,34618.42618,64870.08945
443,6.78E+25,-2892.950361,4574.48019,-4911.367149,-20601.56756,-68736.60586,47590.18948
444,5.66E+25,4978.208557,1768.212989,3284.692994,-27905.09897,34254.16505,-45871.2116
445,2.67E+25,-2053.806037,-4856.847223,2378.695186,-83754.07304,98516.3591,-68759.69841
446,8.79E+25,3341.44597,2404.76132,-3571.497127,97684.19879,95455.98651,58763.62078
447,7.97E+25,2534.279223,2689.227821,1585.405157,31884.59242,15561.41005,73220.30908
448,6.58E+25,2661.159328,3459.214397,1136.041142,-42112.09568,-6463.757503,23877.99387
449,8.51E+25,-4113.95286,-123.7219033,-4223.506653,-17761.90483,-14502.70918,-33943.0665
450,8.67E+25,-924.5696897,-928.9351087,-4339.901559,12846.36334,70114.9056,-59694.3244
451,7.08E+25,-1511.79466,-3890.019012,3082.3521,86886.60775,37817.53075,64654.64254
452,8.37E+25,4476.88026,-4276.835247,4551.152073,11238.13853,55903.34028,-96759.92053
453,6.98E+25,225.7659934,-2004.34322,-4231.379247,63676.08496,-91972.22818,77982.67527
454,6.80E+25,6.242680704,2945.155445,2070.864773,98392.54945,-41186.50756,-57936.28874
455,6.19E+25,-4497.739885,-4270.981646,-971.2671737,53072.67277,-49394.73182,73112.47663
456,7.53E+25,-2047.09506,-2676.156769,-2189.955011,-79431.48157,-74808.96072,95830.31102
457,1.59E+25,3034.827433,4292.280536,-948.9730547,34767.77965,69377.44489,-35134.12453
458,8.81E+25,4061.110021,-1785.042988,-235.6301366,35296.7499,18848.36546,20630.02402
459,8.72E+25,-2739.710022,1404.760422,4789.811152,36506.49191,15071.83463,-14187.52614
460,2.93E+24,1034.93096,-1421.859159,1478.17446,-44815.46112,53716.26618,-54745.514
461,8.26E+25,-3770.793215,3886.590803,30.8395078,38470.86123,-53333.43547,25066.03399
462,1.29E+25,-506.5025796,858.6478845,1247.838628,49415.65343,-56257.22222,-88011.33983
463,3.35E+25,-4282.241938,1826.172212,-2580.683197,-73805.2514,21199.39345,69889.28125
464,7.44E+25,2139.526325,3225.347944,3039.585076,-91000.63575,46830.25181,-31736.27081
465,1.61E+25,525.0096741,201.6989231,-3571.240387,-4294.326016,85771.90997,-33605.69905
466,8.18E+25,2753.461504,-2285.906196,-33.04577182,-6932.613212,-97263.51705,-83680.256
467,8.32E+25,-2157.259071,-3661.71637,1295.576969,-48281.68177,-94429.55184,26275.06521
468,5.08E+25,-4456.679652,2486.452341,-1824.132047,-14720.32864,9629.040546,-65070.56282
469,6.49E+23,-4998.65307,111.2913924,-4531.480915,-40813.59411,32764.89497,93060.54473
470,2.87E+25,-2238.304422,2069.764875,-4373.103784,-89916.64528,78076.86417,15376.24026
471,6.17E+25,3393.384924,-4961.800773,-2531.761308,12783.91335,55.70704155,-86121.18282
472,9.81E+25,2409.040562,-1837.298503,-3981.076119,-82024.62965,20182.40113,-31808.28571
473,6.32E+25,-1397.660812,-2296.067136,3427.119022,83453.61332,-18681.89253,-71343.70826
474,2.60E+25,-1866.520824,2889.324718,3918.721448,42943.7667,-41329.31571,5094.061471
475,6.34E+25,-661.8258042,4099.431439,-1226.81946,39566.5571,80052.82224,58438.23896
476,5.40E+25,4640.784165,-4107.104755,1870.192665,35272.21357,35926.63648,89184.92881
477,7.80E+25,-61.85959543,-1123.511945,1327.118787,-40835.1805,-99777.58116,-45609.08812
478,1.07E+25,2038.570916,-4956.367303,-3330.469113,-56421.72407,32366.91702,26742.31995
479,7.61E+25,2130.460506,1663.854136,4660.475051,18692.27654,-96751.31136,45755.61089
480,5.41E+25,2610.377903,4507.727077,2025.405015,-35293.9175,33011.1978,11315.6857
481,9.63E+25,-2019.477914,-3946.350777,2818.238633,-31453.81491,-73084.74658,-81116.22047
482,3.42E+25,1441.492215,-4518.139876,-1399.495341,66303.66662,83679.50842,29957.60935
483,6.33E+25,4567.998155,4.011457102,-672.7086398,-79313.17703,-19594.55662,45787.84002
484,9.32E+25,-423.0039484,-2911.17276,-1312.928291,55964.1768,-76356.27554,-99993.85623
485,1.03E+25,-1301.86744,-4476.449798,2675.676285,42427.40918,-28680.7648,-49103.73368
486,9.37E+25,-834.955681,3221.798868,3503.480011,-97420.50604,8059.881352,70230.14709
487,6.88E+25,-2880.059453,1573.534822,-277.1819584,91526.32925,13148.99012,2892.265548
488,6.79E+24,3801.567379,-2842.593208,1778.132003,-82988.7229,9774.560309,-24004.18421
489,3.01E+25,1077.521223,-2046.985224,-3633.990963,21427.05618,-22254.73042,-51940.17531
490,7.08E+25,1516.397605,2385.974581,-1843.726562,-81006.94495,-37016.31108,-80671.03314
491,6.74E+24,1448.32604,-1048.690924,2132.068833,-64620.60984,97467.23172,-11179.28862
492,5.82E+25,-3007.847251,3902.150026,-2125.904035,6374.353301,74723.70575,99113.7801
493,3.46E+25,-1322.140122,-4419.080479,-3884.877877,16542.88987,62494.76421,-34611.79513
494,6.21E+25,158.6190271,-2324.073233,3354.802257,-38851.20851,-19459.2558,34501.45253
495,4.58E+24,-4853.066113,-1209.059513,-1626.544532,36438.33785,-36952.11307,-73358.01517
496,8.72E+25,-4806.723691,-3756.31601,-863.5732508,26479.25129,-74334.82756,15698.50165
497,9.73E+25,-71.35415553,-957.1025275,309.3767841,38684.42561,40122.29928,50694.42213
498,9.69E+25,951.3167491,-4900.761789,-359.0484055,74571.88431,-8.201607042,46049.83791
499,7.50E+25,4634.992409,190.3228013,1775.422675,23834.54707,-62672.01204,-94862.07103
500,1.30E+25,-1881.361421,2739.913782,2729.214819,-43091.72286,-11393.25873,23421.18889
